<?xml version="1.0" encoding="UTF-8"?>
<project-private xmlns="http://www.netbeans.org/ns/project-private/1">
    <editor-bookmarks xmlns="http://www.netbeans.org/ns/editor-bookmarks/2" lastBookmarkId="0"/>
    <open-files xmlns="http://www.netbeans.org/ns/projectui-open-files/2">
        <group>
            <file>file:/Users/manjitsingh/NetBeansProjects/hospitalmanagement/src/hospitalmanagement/Hospitalmanagement.java</file>
            <file>file:/Users/manjitsingh/NetBeansProjects/hospitalmanagement/src/hospitalmanagement/Home.java</file>
            <file>file:/Users/manjitsingh/NetBeansProjects/hospitalmanagement/src/hospitalmanagement/Doctor.java</file>
            <file>file:/Users/manjitsingh/NetBeansProjects/hospitalmanagement/src/hospitalmanagement/AdminLogin.java</file>
            <file>file:/Users/manjitsingh/NetBeansProjects/hospitalmanagement/src/hospitalmanagement/filegenreate.java</file>
            <file>file:/Users/manjitsingh/NetBeansProjects/hospitalmanagement/src/hospitalmanagement/Info.java</file>
            <file>file:/Users/manjitsingh/NetBeansProjects/hospitalmanagement/src/hospitalmanagement/Adminmenu.java</file>
            <file>file:/Users/manjitsingh/NetBeansProjects/hospitalmanagement/src/hospitalmanagement/patientmgnt.java</file>
            <file>file:/Users/manjitsingh/NetBeansProjects/hospitalmanagement/src/hospitalmanagement/Bill.java</file>
        </group>
    </open-files>
</project-private>
